[
  {
    "Name": "UserManagement",
    "AvailableToOtherTenants": false,
    "PublicClient": false,
    "IdentifierUris": [
      "\"https://${tenantName}.onmicrosoft.com/$($ResourceGroup.ResourceGroupName)usermanagement\""
    ],
    "ReplyUrls": {
      "Development": ["\"https://localhost/\""],
      "Production": ["\"https://localhost/\""]
    },
    "HasPasswordCredential": true,
    "ServicePrincipal": {
      "AccountEnabled": true,
      "ApplicationRoles": ["User Administrator"]
    },
    "Permissions": [
      {
        "Name": "AuditLog.Read.All",
        "OwnerApplication": "Microsoft Graph",
        "Type": "Role"
      },
      {
        "Name": "Directory.ReadWrite.All",
        "OwnerApplication": "Microsoft Graph",
        "Type": "Role"
      }
    ]
  },
  {
    "Name": "IdentityExperienceFrameworkApi",
    "AvailableToOtherTenants": false,
    "PublicClient": false,
    "IdentifierUris": [
      "\"https://${tenantName}.onmicrosoft.com/$($ResourceGroup.ResourceGroupName)identityexperienceframeworkapi\""
    ],
    "ReplyUrls": {
      "Development": [
        "\"https://${tenantName}.b2clogin.com/${tenantName}.onmicrosoft.com\""
      ],
      "Production": [
        "\"https://${tenantName}.b2clogin.com/${tenantName}.onmicrosoft.com\""
      ]
    },
    "HasPasswordCredential": false,
    "ServicePrincipal": {
      "AccountEnabled": true,
      "ApplicationRoles": []
    },
    "Permissions": [
      {
        "Name": "openid",
        "OwnerApplication": "Microsoft Graph",
        "Type": "Scope"
      },
      {
        "Name": "offline_access",
        "OwnerApplication": "Microsoft Graph",
        "Type": "Scope"
      }
    ]
  },
  {
    "Name": "ProxyIdentityExperienceFramework",
    "AvailableToOtherTenants": false,
    "PublicClient": true,
    "IdentifierUris": [],
    "ReplyUrls": {
      "Development": [
        "\"https://${tenantName}.b2clogin.com/${tenantName}.onmicrosoft.com\""
      ],
      "Production": [
        "\"https://${tenantName}.b2clogin.com/${tenantName}.onmicrosoft.com\""
      ]
    },
    "HasPasswordCredential": false,
    "ServicePrincipal": {
      "AccountEnabled": true,
      "ApplicationRoles": []
    },
    "Permissions": [
      {
        "Name": "user_impersonation",
        "OwnerApplication": "IdentityExperienceFrameworkApi",
        "Type": "Scope"
      },
      {
        "Name": "openid",
        "OwnerApplication": "Microsoft Graph",
        "Type": "Scope"
      },
      {
        "Name": "offline_access",
        "OwnerApplication": "Microsoft Graph",
        "Type": "Scope"
      }
    ]
  }
]
