[
  {
    "Name": "VoBackend",
    "EnableWebClient": true,
    "AllowImplicitFlow": true,
    "EnableNativeClient": true,
    "IdentifierUris": [
      "\"https://${tenantName}.onmicrosoft.com/$($ResourceGroup.ResourceGroupName)api\""
    ],
    "ReplyUrls": {
      "Development": ["\"https://localhost:44300/\""],
      "Production": []
    },
    "Scopes": [
      {
        "Value": "user_impersonation",
        "DisplayName": "Access this app on behalf of the signed-in user"
      },
      {
        "Value": "read",
        "DisplayName": "Read access to VoBackend"
      },
      {
        "Value": "write",
        "DisplayName": "Write access to VoBackend"
      }
    ],
    "Permissions": [
      {
        "Name": "user_impersonation",
        "OwnerApplication": "VoBackend",
        "Type": "Scope"
      },
      {
        "Name": "read",
        "OwnerApplication": "VoBackend",
        "Type": "Scope"
      },
      {
        "Name": "write",
        "OwnerApplication": "VoBackend",
        "Type": "Scope"
      }
    ]
  },
  {
    "Name": "VoFrontend",
    "EnableWebClient": true,
    "AllowImplicitFlow": true,
    "EnableNativeClient": false,
    "IdentifierUris": [
      "\"https://${tenantName}.onmicrosoft.com/$($ResourceGroup.ResourceGroupName)\""
    ],
    "ReplyUrls": {
      "Development": [
        "\"https://$($ResourceGroup.ResourceGroupName).azurewebsites.net/\"",
        "\"https://localhost:3000/\"",
        "\"https://localhost:44303/\""
      ],
      "Production": [
        "\"https://$($ResourceGroup.ResourceGroupName).azurewebsites.net/\""
      ]
    },
    "Scopes": [],
    "Permissions": [
      {
        "Name": "user_impersonation",
        "OwnerApplication": "VoBackend",
        "Type": "Scope"
      },
      {
        "Name": "read",
        "OwnerApplication": "VoBackend",
        "Type": "Scope"
      },
      {
        "Name": "write",
        "OwnerApplication": "VoBackend",
        "Type": "Scope"
      }
    ]
  },
  {
    "Name": "DeviceCertificateProvider",
    "EnableWebClient": false,
    "AllowImplicitFlow": false,
    "EnableNativeClient": true,
    "IdentifierUris": [
      "\"https://${tenantName}.onmicrosoft.com/$($ResourceGroup.ResourceGroupName)devicecertificateprovider\""
    ],
    "ReplyUrls": {
      "Development": [],
      "Production": []
    },
    "Scopes": [],
    "Permissions": [
      {
        "Name": "user_impersonation",
        "OwnerApplication": "VoBackend",
        "Type": "Scope"
      },
      {
        "Name": "read",
        "OwnerApplication": "VoBackend",
        "Type": "Scope"
      },
      {
        "Name": "write",
        "OwnerApplication": "VoBackend",
        "Type": "Scope"
      }
    ]
  }
]
